step,loss,lr
100,0.390616,2.10e-05
100,29.819,23.954,13.2
200,0.130893,2.39e-05
200,13.787,11.385,40.7
300,0.075281,2.87e-05
300,11.141,9.830,51.6
400,0.062093,3.53e-05
400,10.189,9.071,56.7
500,0.049479,4.38e-05
500,10.957,9.768,51.3
600,0.046100,5.40e-05
600,9.107,7.534,64.9
700,0.056668,6.59e-05
700,9.931,8.313,59.1
800,0.052658,7.93e-05
800,9.384,8.003,63.0
900,0.041420,9.42e-05
900,8.728,7.338,66.2
1000,0.043275,1.10e-04
1000,8.644,7.612,68.9
1100,0.040443,1.28e-04
1100,8.687,7.262,67.4
1200,0.038106,1.46e-04
1200,8.263,7.104,69.6
1300,0.040960,1.66e-04
1300,8.520,7.515,68.4
1400,0.035167,1.86e-04
1400,8.530,7.747,67.9
1500,0.040525,2.07e-04
1500,9.918,8.967,55.7
1600,0.045806,2.28e-04
1600,7.406,6.025,76.7
1700,0.032314,2.49e-04
1700,7.884,6.754,74.2
1800,0.040738,2.71e-04
1800,9.214,8.492,62.3
1900,0.035500,2.92e-04
1900,8.454,7.323,70.8
2000,0.037693,3.14e-04
2000,8.490,7.823,67.1
2100,0.032202,3.34e-04
2100,7.068,6.218,79.5
2200,0.035741,3.54e-04
2200,7.082,5.975,80.3
2300,0.039344,3.74e-04
2300,9.323,8.353,61.3
2400,0.044764,3.92e-04
2400,11.300,10.489,46.7
2500,0.031675,4.10e-04
2500,8.370,7.107,68.1
2600,0.043712,4.26e-04
2600,7.701,6.682,74.5
2700,0.039785,4.41e-04
2700,10.589,9.640,53.1
2800,0.034838,4.54e-04
2800,6.638,5.619,82.7
2900,0.036709,4.66e-04
2900,9.780,8.654,60.1
3000,0.036232,4.76e-04
3000,11.031,10.440,45.5
3100,0.049879,4.85e-04
3100,8.033,7.052,72.8
3200,0.037585,4.91e-04
3200,7.043,6.216,81.7
3300,0.026587,4.96e-04
3300,6.523,5.380,82.5
3400,0.029426,4.99e-04
3400,7.406,6.503,78.4
3500,0.042080,5.00e-04
3500,7.635,6.634,75.6
3600,0.027836,5.00e-04
3600,6.091,5.238,86.1
3700,0.029063,5.00e-04
3700,7.634,6.542,77.2
3800,0.029774,5.00e-04
3800,8.467,7.433,71.3
3900,0.049287,5.00e-04
3900,11.645,11.309,42.8
4000,0.030519,5.00e-04
4000,6.444,5.346,83.2
4100,0.034571,5.00e-04
4100,6.535,5.715,84.9
4200,0.028897,5.00e-04
4200,6.939,5.741,80.3
4300,0.029274,5.00e-04
4300,6.336,5.238,84.6
4400,0.032267,5.00e-04
4400,6.765,5.421,80.6
4500,0.025875,5.00e-04
4500,7.775,6.653,75.7
4600,0.029055,5.00e-04
4600,7.268,6.432,80.0
4700,0.027804,5.00e-04
4700,6.398,5.381,84.2
4800,0.023230,5.00e-04
4800,5.861,4.550,85.9
4900,0.026166,4.99e-04
4900,7.745,6.765,76.2
5000,0.025772,4.99e-04
5000,8.868,8.304,65.2
5100,0.033611,4.99e-04
5100,6.619,5.349,80.5
5200,0.024354,4.99e-04
5200,6.433,5.283,83.7
5300,0.020016,4.99e-04
5300,7.588,6.427,75.6
5400,0.029258,4.99e-04
5400,7.334,6.180,77.4
5500,0.022664,4.99e-04
5500,6.231,5.330,83.9
5600,0.023110,4.99e-04
5600,6.445,5.552,84.9
5700,0.026794,4.99e-04
5700,6.483,5.141,81.2
5800,0.020791,4.99e-04
5800,5.643,4.398,88.1
5900,0.032917,4.98e-04
5900,7.609,6.459,74.9
6000,0.021949,4.98e-04
6000,6.030,4.759,85.4
6100,0.026151,4.98e-04
6100,7.478,6.393,77.6
6200,0.044320,4.98e-04
6200,7.443,6.215,76.7
6300,0.036830,4.98e-04
6300,6.990,5.915,79.5
6400,0.024199,4.98e-04
6400,7.219,6.188,77.9
6500,0.028000,4.97e-04
6500,8.602,7.695,69.8
6600,0.025329,4.97e-04
6600,8.157,7.021,73.2
6700,0.022552,4.97e-04
6700,5.781,4.578,86.1
6800,0.023931,4.97e-04
6800,6.557,5.521,82.5
6900,0.021751,4.97e-04
6900,6.524,5.294,82.9
7000,0.022325,4.97e-04
7000,6.259,5.510,86.2
7100,0.020760,4.96e-04
7100,6.231,4.949,84.6
7200,0.020010,4.96e-04
7200,5.721,4.552,87.6
7300,0.020470,4.96e-04
7300,6.914,5.961,80.6
7400,0.025491,4.96e-04
7400,5.856,4.603,87.1
7500,0.019659,4.96e-04
7500,5.983,4.554,84.7
7600,0.020394,4.95e-04
7600,6.042,5.206,85.7
7700,0.016367,4.95e-04
7700,6.666,5.357,81.7
7800,0.020181,4.95e-04
7800,5.458,4.227,88.6
7900,0.019815,4.95e-04
7900,5.555,4.319,88.1
8000,0.027873,4.94e-04
8000,5.877,4.681,87.4
8100,0.028016,4.94e-04
8100,5.550,4.509,88.5
8200,0.040218,4.94e-04
8200,6.532,5.228,82.7
8300,0.017551,4.94e-04
8300,5.934,4.551,85.4
8400,0.020129,4.93e-04
8400,6.558,5.545,85.2
8500,0.022455,4.93e-04
8500,6.800,5.854,82.9
8600,0.017485,4.93e-04
8600,5.539,4.298,88.6
8700,0.022283,4.92e-04
8700,5.719,4.767,87.6
8800,0.023681,4.92e-04
8800,6.350,5.474,84.9
8900,0.019102,4.92e-04
8900,6.277,5.460,85.7
9000,0.019985,4.92e-04
9000,5.555,4.440,88.5
9100,0.017466,4.91e-04
9100,5.356,4.381,89.5
9200,0.019812,4.91e-04
9200,5.719,4.540,86.2
9300,0.015404,4.91e-04
9300,5.197,4.177,90.3
9400,0.032276,4.90e-04
9400,5.491,4.104,88.1
9500,0.016873,4.90e-04
9500,5.260,4.121,89.3
9600,0.020191,4.90e-04
9600,5.486,4.190,87.8
9700,0.048116,4.89e-04
9700,6.326,5.148,85.1
9800,0.016035,4.89e-04
9800,5.195,4.166,89.3
9900,0.016126,4.89e-04
9900,4.961,3.844,90.3
10000,0.015635,4.88e-04
10000,5.392,4.665,90.2
10100,0.021438,4.88e-04
10100,5.255,4.176,89.8
10200,0.020347,4.88e-04
10200,5.378,4.341,89.8
10300,0.017601,4.87e-04
10300,5.286,4.399,90.2
10400,0.021462,4.87e-04
10400,5.548,4.811,90.5
10500,0.019143,4.86e-04
10500,5.163,4.111,90.0
10600,0.016204,4.86e-04
10600,5.393,4.299,89.6
10700,0.020485,4.86e-04
10700,4.852,3.815,90.7
10800,0.015791,4.85e-04
10800,5.275,4.345,91.3
10900,0.019816,4.85e-04
10900,5.300,4.328,90.0
11000,0.012039,4.84e-04
11000,5.192,4.165,90.5
11100,0.015973,4.84e-04
11100,5.562,4.765,90.2
11200,0.019500,4.84e-04
11200,5.767,4.791,89.1
11300,0.014943,4.83e-04
11300,5.019,4.015,90.7
11400,0.015380,4.83e-04
11400,5.335,4.218,90.0
11500,0.026541,4.82e-04
11500,6.966,6.587,86.4
11600,0.016957,4.82e-04
11600,4.765,3.583,92.0
11700,0.017629,4.81e-04
11700,4.783,3.702,91.0
11800,0.017686,4.81e-04
11800,5.288,4.492,91.7
11900,0.016204,4.81e-04
11900,4.678,3.794,92.5
12000,0.017615,4.80e-04
12000,7.235,6.120,78.8
12100,0.013089,4.80e-04
12100,4.195,3.039,93.4
12200,0.017598,4.79e-04
12200,5.283,4.508,91.5
12300,0.015678,4.79e-04
12300,5.339,4.094,89.0
12400,0.012669,4.78e-04
12400,5.629,4.817,89.0
12500,0.014483,4.78e-04
12500,4.598,3.504,90.8
12600,0.015982,4.77e-04
12600,4.699,3.625,92.0
12700,0.015589,4.77e-04
12700,5.255,4.338,91.2
12800,0.015069,4.76e-04
12800,4.900,3.997,90.8
12900,0.014584,4.76e-04
12900,5.008,4.126,92.0
13000,0.013266,4.75e-04
13000,4.698,3.603,92.0
13100,0.014861,4.75e-04
13100,5.000,4.133,91.0
13200,0.015929,4.74e-04
13200,5.171,4.219,90.7
13300,0.013702,4.74e-04
13300,6.137,5.573,89.8
13400,0.014908,4.73e-04
13400,5.040,3.973,91.9
13500,0.014477,4.73e-04
13500,4.347,3.265,93.4
13600,0.017211,4.72e-04
13600,6.223,5.182,87.3
13700,0.016136,4.72e-04
13700,5.265,4.350,91.2
13800,0.011650,4.71e-04
13800,4.362,3.267,93.0
13900,0.019563,4.70e-04
13900,5.557,5.013,90.7
14000,0.012523,4.70e-04
14000,4.814,3.845,92.9
14100,0.013281,4.69e-04
14100,6.046,5.203,88.5
14200,0.015530,4.69e-04
14200,4.581,3.474,93.0
14300,0.014432,4.68e-04
14300,4.971,3.941,91.7
14400,0.012778,4.68e-04
14400,4.759,3.716,92.5
14500,0.013477,4.67e-04
14500,5.824,5.056,89.1
14600,0.032122,4.66e-04
14600,5.837,4.674,86.9
14700,0.012067,4.66e-04
14700,5.297,4.351,91.0
14800,0.011550,4.65e-04
14800,4.449,3.455,92.0
14900,0.013178,4.65e-04
14900,4.483,3.359,92.5
15000,0.011359,4.64e-04
15000,4.642,3.505,92.2
15100,0.014497,4.63e-04
15100,6.114,5.458,88.6
15200,0.011297,4.63e-04
15200,4.527,3.509,92.7
15300,0.012586,4.62e-04
15300,4.402,3.412,93.5
15400,0.010994,4.62e-04
15400,4.815,3.876,92.5
15500,0.012999,4.61e-04
15500,4.545,3.478,92.5
15600,0.017575,4.60e-04
15600,4.939,4.088,91.9
15700,0.015880,4.60e-04
15700,4.576,3.627,92.7
15800,0.011551,4.59e-04
15800,4.519,3.385,91.2
15900,0.019371,4.58e-04
15900,6.183,5.210,87.9
16000,0.012070,4.58e-04
16000,5.702,4.994,90.8
16100,0.016347,4.57e-04
16100,4.545,3.496,92.0
16200,0.010378,4.56e-04
16200,4.654,3.640,91.9
16300,0.010731,4.56e-04
16300,4.512,3.520,93.0
16400,0.021917,4.55e-04
16400,5.166,3.821,90.3
16500,0.016868,4.54e-04
16500,4.864,3.581,91.5
16600,0.012113,4.54e-04
16600,4.354,3.367,92.9
16700,0.015380,4.53e-04
16700,4.328,3.238,93.4
16800,0.013252,4.52e-04
16800,4.392,3.213,92.4
16900,0.010743,4.52e-04
16900,4.299,3.195,93.2
17000,0.011989,4.51e-04
17000,5.597,4.665,90.2
17100,0.012005,4.50e-04
17100,6.163,5.188,86.9
17200,0.018005,4.49e-04
17200,4.429,3.436,92.0
17300,0.026642,4.49e-04
17300,8.726,7.214,73.5
17400,0.026096,4.48e-04
17400,5.580,4.909,90.0
17500,0.013321,4.47e-04
17500,4.500,3.333,91.5
17600,0.019931,4.47e-04
17600,5.080,4.025,90.2
17700,0.015849,4.46e-04
17700,4.606,3.744,92.9
17800,0.011858,4.45e-04
17800,4.299,3.324,93.4
17900,0.013948,4.44e-04
17900,4.491,3.403,92.2
18000,0.013273,4.44e-04
18000,4.804,3.886,91.9
18100,0.010360,4.43e-04
18100,4.754,3.718,92.7
18200,0.012261,4.42e-04
18200,4.206,3.074,91.9
18300,0.009454,4.41e-04
18300,4.030,2.824,93.2
18400,0.011026,4.41e-04
18400,4.433,3.386,93.0
18500,0.013053,4.40e-04
18500,4.194,3.088,93.5
18600,0.016761,4.39e-04
18600,4.607,3.522,91.9
18700,0.015839,4.38e-04
18700,5.759,4.759,89.1
18800,0.015473,4.37e-04
18800,5.760,4.724,89.5
18900,0.017338,4.37e-04
18900,5.668,4.483,89.1
19000,0.016223,4.36e-04
19000,4.757,3.586,91.3
19100,0.027510,4.35e-04
19100,6.433,5.018,84.4
19200,0.021021,4.34e-04
19200,6.059,4.337,86.6
19300,0.013972,4.34e-04
19300,5.873,4.357,87.9
19400,0.015823,4.33e-04
19400,5.222,4.003,89.0
19500,0.019488,4.32e-04
19500,5.573,4.443,89.6
19600,0.014934,4.31e-04
19600,4.541,3.349,91.2
19700,0.011730,4.30e-04
19700,5.143,3.960,90.8
19800,0.013416,4.29e-04
19800,4.049,2.903,93.0
19900,0.016813,4.29e-04
19900,4.305,3.161,92.2
20000,0.013154,4.28e-04
20000,4.540,3.535,92.7
20100,0.018493,4.27e-04
20100,5.180,4.262,90.7
20200,0.011323,4.26e-04
20200,4.689,3.618,91.7
20300,0.014336,4.25e-04
20300,6.101,5.420,89.5
20400,0.013128,4.24e-04
20400,5.807,5.071,89.1
20500,0.011998,4.24e-04
20500,4.403,3.317,92.5
20600,0.012237,4.23e-04
20600,4.296,3.153,92.7
20700,0.013334,4.22e-04
20700,4.089,3.061,93.4
20800,0.011361,4.21e-04
20800,6.250,5.541,88.5
20900,0.015028,4.20e-04
20900,5.059,4.229,91.0
21000,0.016798,4.19e-04
21000,4.811,3.893,91.7
21100,0.011610,4.18e-04
21100,4.732,3.611,91.5
21200,0.011526,4.18e-04
21200,5.187,4.341,91.9
21300,0.011563,4.17e-04
21300,4.520,3.464,92.4
21400,0.012025,4.16e-04
21400,3.957,2.848,94.6
21500,0.010287,4.15e-04
21500,5.110,4.057,91.0
21600,0.010136,4.14e-04
21600,4.792,3.929,92.2
21700,0.010048,4.13e-04
21700,4.516,3.313,92.5
21800,0.014222,4.12e-04
21800,5.987,5.180,89.6
21900,0.011566,4.11e-04
21900,5.187,3.970,90.5
22000,0.013405,4.10e-04
22000,4.552,3.532,92.2
22100,0.020511,4.10e-04
22100,4.088,2.874,92.9
22200,0.011504,4.09e-04
22200,5.233,4.138,91.0
22300,0.011144,4.08e-04
22300,4.534,3.561,92.7
22400,0.012306,4.07e-04
22400,4.737,3.763,92.7
22500,0.010914,4.06e-04
22500,4.197,3.117,93.5
22600,0.012238,4.05e-04
22600,4.239,3.187,93.2
22700,0.013781,4.04e-04
22700,6.660,5.939,86.4
22800,0.012766,4.03e-04
22800,4.599,3.466,91.7
22900,0.025452,4.02e-04
22900,6.756,5.247,85.4
23000,0.021705,4.01e-04
23000,7.355,6.407,80.8
23100,0.015680,4.00e-04
23100,4.586,3.526,91.7
23200,0.016741,3.99e-04
23200,7.764,7.105,77.9
23300,0.019478,3.98e-04
23300,5.055,4.082,90.2
23400,0.011690,3.97e-04
23400,4.460,3.401,91.9
23500,0.012868,3.96e-04
23500,4.016,2.927,93.5
23600,0.011928,3.96e-04
23600,4.451,3.613,93.0
23700,0.012843,3.95e-04
23700,5.507,4.635,90.7
23800,0.015519,3.94e-04
23800,4.366,3.245,93.0
23900,0.021956,3.93e-04
23900,5.011,4.171,91.9
24000,0.013259,3.92e-04
24000,4.767,3.556,92.0
24100,0.022563,3.91e-04
24100,5.006,3.755,90.3
24200,0.014286,3.90e-04
24200,4.676,3.516,92.0
24300,0.015694,3.89e-04
24300,5.291,4.177,91.0
24400,0.015614,3.88e-04
24400,5.123,4.174,92.9
24500,0.013028,3.87e-04
24500,4.355,3.477,94.1
24600,0.013653,3.86e-04
24600,6.271,5.362,87.8
24700,0.009937,3.85e-04
24700,4.181,3.090,93.0
24800,0.013893,3.84e-04
24800,5.365,4.230,90.2
24900,0.012098,3.83e-04
24900,3.890,2.769,93.4
25000,0.011621,3.82e-04
25000,4.593,3.209,92.2
25100,0.013119,3.81e-04
25100,4.425,3.274,92.7
25200,0.011271,3.80e-04
25200,5.410,4.647,92.5
25300,0.011206,3.79e-04
25300,4.397,3.332,93.2
25400,0.010174,3.78e-04
25400,4.338,3.322,93.4
25500,0.010832,3.77e-04
25500,5.390,4.397,89.6
25600,0.015335,3.76e-04
25600,5.240,3.878,90.2
25700,0.012801,3.75e-04
25700,4.370,3.136,92.4
25800,0.011855,3.74e-04
25800,4.808,3.597,92.2
25900,0.012378,3.73e-04
25900,4.033,2.875,93.4
26000,0.010997,3.72e-04
26000,4.714,3.530,91.0
26100,0.016144,3.71e-04
26100,4.501,3.314,92.2
26200,0.024015,3.69e-04
26200,4.958,4.079,91.7
26300,0.015342,3.68e-04
26300,4.981,3.797,91.9
26400,0.013739,3.67e-04
26400,5.435,4.427,90.0
26500,0.012444,3.66e-04
26500,4.629,3.604,91.9
26600,0.016584,3.65e-04
26600,5.931,5.007,89.0
26700,0.010128,3.64e-04
26700,4.963,3.846,91.2
26800,0.011872,3.63e-04
26800,4.735,3.765,92.4
26900,0.013224,3.62e-04
26900,5.075,3.940,91.5
27000,0.011329,3.61e-04
27000,4.655,3.564,93.2
27100,0.012002,3.60e-04
27100,4.753,3.662,92.7
27200,0.014080,3.59e-04
27200,4.573,3.309,91.3
27300,0.017173,3.58e-04
27300,4.665,3.485,92.2
27400,0.014744,3.57e-04
27400,5.930,5.007,88.3
27500,0.013237,3.56e-04
27500,4.374,3.190,91.7
27600,0.012111,3.55e-04
27600,4.715,3.653,91.5
27700,0.012086,3.54e-04
27700,4.447,3.269,92.5
27800,0.012660,3.53e-04
27800,4.615,3.645,92.4
27900,0.013149,3.51e-04
27900,4.225,2.919,92.4
28000,0.011294,3.50e-04
28000,4.962,3.987,92.0
28100,0.009096,3.49e-04
28100,3.912,2.703,93.4
28200,0.013208,3.48e-04
28200,4.795,3.520,92.2
28300,0.012533,3.47e-04
28300,4.693,3.690,93.4
28400,0.010464,3.46e-04
28400,5.383,4.139,89.5
28500,0.011050,3.45e-04
28500,4.212,3.180,93.0
28600,0.012940,3.44e-04
28600,4.256,3.047,91.7
28700,0.011826,3.43e-04
28700,4.308,3.204,92.4
28800,0.012813,3.42e-04
28800,5.099,4.511,93.0
28900,0.010368,3.41e-04
28900,4.345,3.342,93.5
29000,0.010356,3.39e-04
29000,4.966,4.046,91.5
29100,0.009664,3.38e-04
29100,4.309,3.157,92.7
29200,0.010684,3.37e-04
29200,4.435,3.386,92.7
29300,0.011701,3.36e-04
29300,4.052,3.104,94.4
29400,0.011200,3.35e-04
29400,4.461,3.397,92.9
29500,0.010942,3.34e-04
29500,4.533,3.312,92.4
29600,0.010816,3.33e-04
29600,4.687,3.570,91.9
29700,0.010327,3.32e-04
29700,4.203,3.135,93.4
29800,0.009434,3.31e-04
29800,3.979,2.815,93.7
29900,0.010435,3.29e-04
29900,4.379,3.395,93.2
30000,0.010598,3.28e-04
30000,4.232,2.937,93.0
30100,0.010985,3.27e-04
30100,5.184,4.054,91.3
30200,0.010901,3.26e-04
30200,4.294,2.978,93.2
30300,0.011575,3.25e-04
30300,4.913,3.900,91.0
30400,0.011922,3.24e-04
30400,4.119,3.026,93.7
30500,0.012822,3.23e-04
30500,4.194,2.953,93.0
30600,0.010400,3.22e-04
30600,4.542,3.379,92.0
30700,0.012491,3.20e-04
30700,4.413,3.155,91.9
30800,0.011971,3.19e-04
30800,4.709,3.398,91.9
30900,0.015253,3.18e-04
30900,4.702,3.671,93.4
31000,0.022543,3.17e-04
31000,7.639,5.472,79.3
31100,0.036511,3.16e-04
31100,10.338,7.815,64.0
31200,0.018938,3.15e-04
31200,8.953,6.631,72.5
31300,0.022259,3.14e-04
31300,8.287,6.664,78.4
31400,0.025306,3.13e-04
31400,7.305,5.001,83.2
31500,0.029407,3.11e-04
31500,11.364,9.099,57.9
31600,0.042026,3.10e-04
31600,16.884,15.289,28.0
31700,0.031273,3.09e-04
31700,6.306,4.936,86.6
31800,0.017126,3.08e-04
31800,6.250,4.408,85.7
31900,0.018835,3.07e-04
31900,10.053,7.511,71.6
32000,0.018099,3.06e-04
32000,7.763,5.244,80.8
32100,0.021830,3.04e-04
32100,9.016,6.375,76.7
32200,0.026325,3.03e-04
32200,7.620,5.121,80.5
32300,0.026934,3.02e-04
32300,7.768,5.405,76.9
32400,0.019325,3.01e-04
32400,5.843,4.645,85.6
32500,0.020254,3.00e-04
32500,5.459,3.751,86.2
32600,0.016028,2.99e-04
32600,6.885,4.942,83.2
32700,0.018548,2.98e-04
32700,5.578,3.876,88.1
32800,0.017707,2.96e-04
32800,5.224,3.723,90.0
32900,0.018140,2.95e-04
32900,4.823,3.740,91.0
33000,0.017620,2.94e-04
33000,5.541,4.341,89.0
33100,0.018361,2.93e-04
33100,5.233,3.803,89.6
33200,0.015271,2.92e-04
33200,5.461,3.892,88.6
33300,0.018676,2.91e-04
33300,8.047,4.950,83.4
33400,0.022257,2.89e-04
33400,5.683,4.055,88.1
33500,0.015467,2.88e-04
33500,7.161,4.873,83.0
33600,0.020689,2.87e-04
33600,6.734,4.507,85.4
33700,0.014955,2.86e-04
33700,6.645,4.272,83.5
33800,0.016441,2.85e-04
33800,5.233,3.988,90.2
33900,0.015259,2.84e-04
33900,5.038,3.764,90.8
34000,0.016192,2.82e-04
34000,4.487,3.352,92.2
34100,0.013853,2.81e-04
34100,4.426,3.260,92.7
34200,0.011989,2.80e-04
34200,4.169,2.913,93.4
34300,0.012941,2.79e-04
34300,4.376,3.207,92.4
34400,0.014339,2.78e-04
34400,4.073,2.850,93.7
34500,0.013123,2.77e-04
34500,4.236,3.003,92.5
34600,0.013106,2.75e-04
34600,4.608,3.288,91.5
34700,0.013438,2.74e-04
34700,4.172,2.932,93.2
34800,0.015482,2.73e-04
34800,4.886,3.731,91.9
34900,0.013260,2.72e-04
34900,3.949,2.768,94.1
35000,0.012036,2.71e-04
35000,4.750,3.621,91.9
35100,0.012531,2.69e-04
35100,4.877,3.762,92.5
35200,0.011105,2.68e-04
35200,4.172,2.955,93.7
35300,0.011707,2.67e-04
35300,4.297,3.246,93.4
35400,0.013206,2.66e-04
35400,5.337,4.245,90.2
35500,0.016820,2.65e-04
35500,4.472,3.046,91.7
35600,0.017882,2.64e-04
35600,6.755,5.245,86.9
35700,0.015591,2.62e-04
35700,4.923,3.647,91.3
35800,0.012002,2.61e-04
35800,4.784,3.699,91.9
35900,0.014616,2.60e-04
35900,5.068,3.923,91.2
36000,0.014893,2.59e-04
36000,4.601,3.364,91.7
36100,0.012652,2.58e-04
36100,5.264,4.078,90.3
36200,0.014043,2.56e-04
36200,5.105,3.872,90.5
36300,0.016851,2.55e-04
36300,5.337,3.916,88.3
36400,0.012596,2.54e-04
36400,4.366,3.263,93.0
36500,0.009748,2.53e-04
36500,4.954,4.012,91.7
36600,0.014350,2.52e-04
36600,5.203,4.135,91.2
36700,0.011429,2.51e-04
36700,4.506,3.316,93.2
36800,0.014049,2.49e-04
36800,5.151,4.069,90.8
36900,0.012491,2.48e-04
36900,4.048,3.068,94.6
37000,0.011284,2.47e-04
37000,4.837,3.772,92.4
37100,0.011882,2.46e-04
37100,5.390,4.423,91.2
37200,0.013383,2.45e-04
37200,5.645,4.600,89.0
37300,0.010339,2.43e-04
37300,4.280,3.216,93.2
37400,0.011127,2.42e-04
37400,5.157,4.176,91.7
37500,0.011422,2.41e-04
37500,4.516,3.374,92.0
37600,0.013837,2.40e-04
37600,4.983,3.973,91.9
37700,0.008790,2.39e-04
37700,4.928,3.775,91.3
37800,0.012531,2.38e-04
37800,4.612,3.632,92.4
37900,0.010652,2.36e-04
37900,4.314,3.012,92.7
38000,0.011637,2.35e-04
38000,4.291,3.144,92.7
38100,0.010648,2.34e-04
38100,4.674,3.531,91.2
38200,0.010702,2.33e-04
38200,4.852,3.656,91.2
38300,0.012498,2.32e-04
38300,4.173,3.084,93.5
38400,0.010916,2.31e-04
38400,4.237,3.042,93.2
38500,0.009864,2.29e-04
38500,4.044,2.872,93.5
38600,0.010371,2.28e-04
38600,4.101,2.901,93.2
38700,0.010732,2.27e-04
38700,4.423,3.285,93.4
38800,0.013424,2.26e-04
38800,4.992,3.757,90.5
38900,0.011119,2.25e-04
38900,4.058,2.845,93.4
39000,0.009186,2.23e-04
39000,4.570,3.404,92.5
39100,0.011130,2.22e-04
39100,4.435,3.069,91.5
39200,0.012351,2.21e-04
39200,4.000,2.702,93.5
39300,0.009586,2.20e-04
39300,4.927,3.831,91.0
39400,0.009656,2.19e-04
39400,3.991,2.740,92.9
39500,0.008226,2.18e-04
39500,4.447,3.242,92.0
39600,0.011454,2.16e-04
39600,4.387,3.399,93.4
39700,0.011413,2.15e-04
39700,4.353,3.262,92.9
39800,0.014952,2.14e-04
39800,4.743,3.625,91.5
39900,0.011172,2.13e-04
39900,4.223,3.150,94.1
40000,0.011002,2.12e-04
40000,6.050,5.253,90.8
40100,0.013198,2.11e-04
40100,4.390,3.116,91.9
40200,0.012469,2.09e-04
40200,5.484,4.524,89.8
40300,0.012335,2.08e-04
40300,4.161,2.989,92.7
40400,0.009136,2.07e-04
40400,4.435,3.327,92.7
40500,0.010132,2.06e-04
40500,4.334,3.312,92.9
40600,0.013034,2.05e-04
40600,4.397,3.220,92.5
40700,0.010070,2.04e-04
40700,4.166,3.216,92.7
40800,0.009978,2.02e-04
40800,4.045,2.971,93.4
40900,0.009859,2.01e-04
40900,3.995,2.902,93.9
41000,0.007845,2.00e-04
41000,3.989,2.948,93.5
41100,0.010357,1.99e-04
41100,3.757,2.597,94.1
41200,0.010947,1.98e-04
41200,3.958,2.818,93.7
41300,0.011640,1.97e-04
41300,4.026,2.957,93.2
41400,0.009137,1.96e-04
41400,4.221,3.042,92.2
41500,0.012162,1.94e-04
41500,4.040,2.936,93.9
41600,0.010193,1.93e-04
41600,4.084,2.882,92.9
41700,0.009497,1.92e-04
41700,4.067,2.906,93.0
41800,0.009547,1.91e-04
41800,4.598,3.720,92.7
41900,0.009595,1.90e-04
41900,3.754,2.719,93.9
42000,0.009538,1.89e-04
42000,4.376,3.350,93.4
42100,0.010137,1.87e-04
42100,4.311,3.052,93.4
42200,0.010606,1.86e-04
42200,3.845,2.639,93.7
42300,0.011841,1.85e-04
42300,5.061,4.001,91.3
42400,0.009569,1.84e-04
42400,4.140,2.957,93.7
42500,0.009612,1.83e-04
42500,4.215,3.088,93.5
42600,0.009985,1.82e-04
42600,4.463,3.348,92.5
42700,0.010298,1.81e-04
42700,4.088,2.903,93.9
42800,0.009300,1.80e-04
42800,3.876,2.769,93.7
42900,0.012392,1.78e-04
42900,3.907,2.696,93.4
43000,0.009109,1.77e-04
43000,4.150,2.959,92.7
43100,0.010867,1.76e-04
43100,4.823,3.760,91.9
43200,0.009946,1.75e-04
43200,4.109,2.970,93.2
43300,0.009513,1.74e-04
43300,3.885,2.736,93.7
43400,0.008906,1.73e-04
43400,4.341,3.163,92.5
43500,0.007838,1.72e-04
43500,4.007,2.884,93.9
43600,0.009668,1.70e-04
43600,4.204,3.041,93.4
43700,0.009086,1.69e-04
43700,4.809,3.676,90.5
43800,0.008916,1.68e-04
43800,3.833,2.706,94.6
43900,0.009305,1.67e-04
43900,4.372,3.271,93.0
44000,0.011299,1.66e-04
44000,5.531,4.531,90.7
44100,0.011746,1.65e-04
44100,4.060,2.915,93.9
44200,0.009618,1.64e-04
44200,3.821,2.726,94.2
44300,0.010283,1.63e-04
44300,4.224,3.080,93.0
44400,0.009400,1.62e-04
44400,4.276,3.022,92.2
44500,0.010190,1.60e-04
44500,3.856,2.673,93.7
44600,0.008495,1.59e-04
44600,4.909,3.849,91.5
44700,0.008421,1.58e-04
44700,4.578,3.577,92.7
44800,0.008631,1.57e-04
44800,4.605,3.505,92.5
44900,0.008114,1.56e-04
44900,3.870,2.790,93.9
45000,0.010479,1.55e-04
45000,3.922,2.813,93.2
45100,0.010487,1.54e-04
45100,4.355,3.226,93.0
45200,0.008766,1.53e-04
45200,4.670,3.506,91.5
45300,0.010536,1.52e-04
45300,3.993,2.775,93.4
45400,0.008445,1.51e-04
45400,4.228,3.128,93.0
45500,0.009090,1.50e-04
45500,4.267,3.154,93.5
45600,0.008884,1.48e-04
45600,4.700,3.459,91.2
45700,0.009429,1.47e-04
45700,4.190,3.151,93.4
45800,0.007934,1.46e-04
45800,3.892,2.754,93.7
45900,0.008575,1.45e-04
45900,4.234,3.127,93.0
46000,0.009485,1.44e-04
46000,4.032,2.969,93.5
46100,0.008301,1.43e-04
46100,3.812,2.650,93.9
46200,0.009841,1.42e-04
46200,4.290,3.115,93.5
46300,0.009418,1.41e-04
46300,4.885,3.619,90.5
46400,0.008590,1.40e-04
46400,3.972,2.828,93.7
46500,0.008848,1.39e-04
46500,3.901,2.747,94.1
46600,0.007974,1.38e-04
46600,3.893,2.745,94.1
46700,0.008717,1.37e-04
46700,4.311,3.186,93.4
46800,0.008117,1.36e-04
46800,3.887,2.791,93.9
46900,0.009586,1.35e-04
46900,3.950,2.908,94.1
47000,0.009030,1.34e-04
47000,4.248,3.132,93.0
47100,0.007940,1.33e-04
47100,3.848,2.707,93.5
47200,0.007410,1.32e-04
47200,4.232,3.034,93.5
47300,0.008054,1.30e-04
47300,3.804,2.573,93.7
47400,0.008657,1.29e-04
47400,3.876,2.621,93.4
47500,0.008127,1.28e-04
47500,4.059,2.945,93.4
47600,0.009326,1.27e-04
47600,4.288,3.339,94.4
47700,0.008027,1.26e-04
47700,4.118,3.159,94.1
47800,0.007903,1.25e-04
47800,3.826,2.574,94.2
47900,0.009565,1.24e-04
47900,3.724,2.609,94.1
48000,0.008401,1.23e-04
48000,3.668,2.587,94.1
48100,0.009416,1.22e-04
48100,4.001,2.714,93.0
48200,0.008750,1.21e-04
48200,3.762,2.574,93.2
48300,0.009684,1.20e-04
48300,3.745,2.560,93.4
48400,0.008466,1.19e-04
48400,4.030,2.947,93.4
48500,0.009934,1.18e-04
48500,4.138,3.100,93.4
48600,0.007702,1.17e-04
48600,3.729,2.684,94.2
48700,0.008333,1.16e-04
48700,3.763,2.736,94.6
48800,0.009254,1.15e-04
48800,3.927,2.914,94.4
48900,0.008357,1.14e-04
48900,4.876,3.848,92.5
49000,0.007234,1.13e-04
49000,3.867,2.704,93.7
49100,0.009146,1.12e-04
49100,4.288,3.137,93.0
49200,0.009896,1.11e-04
49200,4.230,3.059,92.9
49300,0.008421,1.10e-04
49300,4.328,3.354,93.0
49400,0.008093,1.09e-04
49400,4.066,2.939,93.9
49500,0.008891,1.08e-04
49500,4.365,3.237,93.0
49600,0.008729,1.07e-04
49600,4.860,3.692,92.0
49700,0.007834,1.06e-04
49700,4.083,2.968,93.9
49800,0.008790,1.05e-04
49800,4.457,3.345,92.2
49900,0.007807,1.04e-04
49900,4.328,3.245,93.2
50000,0.007994,1.04e-04
50000,4.140,2.944,93.7
50100,0.007384,1.03e-04
50100,4.510,3.364,92.7
50200,0.007847,1.02e-04
50200,4.013,2.887,94.2
50300,0.008537,1.01e-04
50300,4.174,3.028,93.4
50400,0.010610,9.97e-05
50400,3.809,2.676,94.4
50500,0.007267,9.88e-05
50500,3.868,2.653,93.9
50600,0.007991,9.78e-05
50600,4.274,3.070,92.7
50700,0.008757,9.69e-05
50700,4.528,3.410,92.5
50800,0.008917,9.60e-05
50800,4.134,2.967,93.5
50900,0.009841,9.50e-05
50900,4.077,2.985,93.4
51000,0.006801,9.41e-05
51000,4.000,2.737,93.2
51100,0.008553,9.32e-05
51100,3.949,2.726,93.7
51200,0.008343,9.23e-05
51200,4.037,2.779,93.7
51300,0.007828,9.14e-05
51300,3.901,2.675,93.5
51400,0.008229,9.05e-05
51400,3.930,2.777,94.1
51500,0.009596,8.95e-05
51500,4.070,3.026,94.4
51600,0.008531,8.86e-05
51600,4.060,2.914,93.4
51700,0.008196,8.77e-05
51700,3.876,2.753,93.4
51800,0.008632,8.68e-05
51800,4.149,3.019,93.7
51900,0.007862,8.60e-05
51900,3.914,2.702,93.4
52000,0.007377,8.51e-05
52000,4.140,3.004,93.0
52100,0.008106,8.42e-05
52100,3.930,2.741,94.1
52200,0.007595,8.33e-05
52200,4.277,3.151,93.2
52300,0.008053,8.24e-05
52300,4.243,3.051,93.0
52400,0.006837,8.15e-05
52400,3.845,2.677,93.2
52500,0.009210,8.07e-05
52500,3.924,2.632,93.9
52600,0.008451,7.98e-05
52600,3.678,2.487,94.1
52700,0.008024,7.89e-05
52700,4.186,3.077,93.7
52800,0.009034,7.81e-05
52800,4.002,2.802,93.9
52900,0.007199,7.72e-05
52900,3.907,2.772,94.1
53000,0.009546,7.64e-05
53000,4.874,3.699,91.0
53100,0.009363,7.55e-05
53100,4.753,3.591,92.4
53200,0.008407,7.47e-05
53200,4.348,3.335,93.4
53300,0.009061,7.38e-05
53300,4.830,3.748,91.5
53400,0.009088,7.30e-05
53400,4.296,3.115,92.7
53500,0.007531,7.22e-05
53500,3.788,2.552,93.7
53600,0.007130,7.13e-05
53600,4.097,2.827,93.5
53700,0.008706,7.05e-05
53700,4.151,2.976,93.4
53800,0.007755,6.97e-05
53800,4.328,3.182,92.9
53900,0.006900,6.89e-05
53900,3.530,2.388,94.6
54000,0.007919,6.81e-05
54000,3.607,2.411,93.9
54100,0.008597,6.73e-05
54100,3.828,2.720,94.1
54200,0.007344,6.65e-05
54200,3.678,2.391,94.2
54300,0.008288,6.57e-05
54300,3.635,2.383,94.2
54400,0.007251,6.49e-05
54400,3.757,2.617,94.4
54500,0.009326,6.41e-05
54500,4.410,3.432,93.4
54600,0.006998,6.33e-05
54600,4.079,2.930,93.9
54700,0.008400,6.25e-05
54700,4.043,2.881,94.1
54800,0.008947,6.17e-05
54800,3.911,2.706,94.4
54900,0.007879,6.10e-05
54900,3.946,2.714,93.9
55000,0.007869,6.02e-05
55000,4.251,3.013,93.4
55100,0.007157,5.94e-05
55100,4.280,3.163,93.7
55200,0.009376,5.87e-05
55200,3.953,2.696,94.2
55300,0.007280,5.79e-05
55300,3.830,2.624,93.5
55400,0.007032,5.71e-05
55400,3.797,2.748,94.1
55500,0.008487,5.64e-05
55500,4.259,3.162,92.2
55600,0.009152,5.56e-05
55600,3.806,2.602,94.1
55700,0.007075,5.49e-05
55700,3.853,2.668,94.1
55800,0.007036,5.42e-05
55800,3.704,2.567,93.9
55900,0.008792,5.34e-05
55900,3.913,2.699,93.7
56000,0.007741,5.27e-05
56000,3.804,2.582,93.7
56100,0.007366,5.20e-05
56100,3.978,2.779,93.7
56200,0.006164,5.13e-05
56200,3.800,2.654,94.1
56300,0.006961,5.06e-05
56300,3.738,2.517,93.9
56400,0.007348,4.98e-05
56400,3.850,2.570,93.9
56500,0.008631,4.91e-05
56500,3.859,2.627,93.9
56600,0.006930,4.84e-05
56600,3.847,2.662,93.7
56700,0.008011,4.77e-05
56700,3.715,2.547,93.9
56800,0.007913,4.70e-05
56800,3.859,2.695,93.9
56900,0.007894,4.64e-05
56900,4.095,2.990,93.7
57000,0.006691,4.57e-05
57000,4.267,3.163,93.2
57100,0.010773,4.50e-05
57100,3.769,2.640,94.1
57200,0.007557,4.43e-05
57200,3.687,2.581,94.2
57300,0.007496,4.37e-05
57300,3.994,2.824,93.7
57400,0.006765,4.30e-05
57400,3.887,2.726,94.1
57500,0.006511,4.23e-05
57500,3.889,2.675,93.4
57600,0.006674,4.17e-05
57600,3.809,2.650,93.7
57700,0.007068,4.10e-05
57700,4.047,2.922,93.2
57800,0.007135,4.04e-05
57800,3.774,2.710,93.7
57900,0.006744,3.97e-05
57900,3.801,2.640,93.9
58000,0.008413,3.91e-05
58000,3.949,2.795,93.5
58100,0.008662,3.85e-05
58100,3.742,2.612,94.1
58200,0.007903,3.78e-05
58200,3.905,2.717,93.5
58300,0.006522,3.72e-05
58300,4.089,2.817,93.4
58400,0.008598,3.66e-05
58400,3.952,2.702,93.5
58500,0.007531,3.60e-05
58500,3.904,2.614,93.2
58600,0.007908,3.54e-05
58600,4.287,3.099,93.4
58700,0.007045,3.48e-05
58700,4.020,2.765,93.7
58800,0.008172,3.42e-05
58800,3.820,2.563,93.5
58900,0.007586,3.36e-05
58900,3.795,2.590,93.9
59000,0.007458,3.30e-05
59000,3.831,2.693,93.7
59100,0.007002,3.24e-05
59100,3.715,2.545,94.1
59200,0.008918,3.18e-05
59200,3.958,2.804,93.9
59300,0.007854,3.13e-05
59300,3.926,2.810,93.9
59400,0.007285,3.07e-05
59400,3.875,2.643,93.7
59500,0.006589,3.01e-05
59500,3.884,2.754,93.9
59600,0.006891,2.96e-05
59600,3.951,2.763,93.5
59700,0.007887,2.90e-05
59700,3.896,2.636,93.7
59800,0.008004,2.85e-05
59800,4.131,2.880,93.7
59900,0.007829,2.79e-05
59900,3.859,2.703,93.5
60000,0.006153,2.74e-05
60000,3.781,2.632,93.7
60100,0.007467,2.68e-05
60100,4.024,2.921,94.1
60200,0.008268,2.63e-05
60200,3.699,2.541,94.1
60300,0.007317,2.58e-05
60300,3.814,2.639,94.1
60400,0.008121,2.53e-05
60400,3.773,2.595,93.7
60500,0.008488,2.48e-05
60500,3.841,2.738,93.7
60600,0.008799,2.42e-05
60600,3.838,2.708,93.9
60700,0.007240,2.37e-05
60700,3.889,2.653,93.9
60800,0.007324,2.32e-05
60800,3.844,2.568,93.9
60900,0.007543,2.27e-05
60900,3.986,2.736,94.1
61000,0.008217,2.23e-05
61000,3.894,2.734,93.9
61100,0.007989,2.18e-05
61100,3.910,2.678,93.7
61200,0.008336,2.13e-05
61200,3.912,2.794,93.7
61300,0.007167,2.08e-05
61300,3.863,2.639,93.9
61400,0.007494,2.03e-05
61400,3.847,2.630,94.1
61500,0.006858,1.99e-05
61500,3.861,2.736,94.2
61600,0.006659,1.94e-05
61600,3.953,2.856,93.9
61700,0.007467,1.90e-05
61700,3.852,2.607,94.1
61800,0.007287,1.85e-05
61800,3.875,2.659,94.6
61900,0.007035,1.81e-05
61900,4.044,2.844,94.1
62000,0.006917,1.76e-05
62000,3.857,2.616,94.6
62100,0.007941,1.72e-05
62100,4.233,3.081,93.9
62200,0.006996,1.68e-05
62200,3.841,2.661,94.2
62300,0.007870,1.64e-05
62300,4.060,2.966,94.1
62400,0.008115,1.59e-05
62400,3.808,2.585,94.1
62500,0.007510,1.55e-05
62500,3.712,2.589,94.1
62600,0.006198,1.51e-05
62600,3.801,2.605,94.2
62700,0.007363,1.47e-05
62700,3.869,2.633,94.1
62800,0.006537,1.43e-05
62800,3.886,2.681,93.9
62900,0.008127,1.39e-05
62900,3.965,2.735,93.9
63000,0.007057,1.35e-05
63000,3.804,2.625,94.1
63100,0.008793,1.32e-05
63100,3.809,2.579,93.9
63200,0.007556,1.28e-05
63200,3.982,2.771,93.5
63300,0.007749,1.24e-05
63300,3.895,2.765,93.9
63400,0.006356,1.21e-05
63400,3.825,2.620,93.9
63500,0.006982,1.17e-05
63500,3.982,2.784,93.9
63600,0.006850,1.13e-05
63600,3.817,2.632,93.9
63700,0.007356,1.10e-05
63700,3.939,2.670,93.5
63800,0.007725,1.06e-05
63800,3.867,2.629,93.9
63900,0.007131,1.03e-05
63900,3.925,2.661,93.5
64000,0.006405,9.97e-06
64000,3.811,2.604,94.1
64100,0.008278,9.65e-06
64100,3.827,2.656,93.9
64200,0.007315,9.32e-06
64200,3.776,2.559,93.7
64300,0.007029,9.01e-06
64300,3.872,2.654,93.7
64400,0.007444,8.70e-06
64400,3.758,2.486,93.9
64500,0.007370,8.39e-06
64500,3.779,2.547,94.1
64600,0.006702,8.09e-06
64600,3.823,2.646,93.9
64700,0.007836,7.79e-06
64700,3.835,2.599,93.9
64800,0.006635,7.50e-06
64800,3.815,2.577,93.7
64900,0.006918,7.22e-06
64900,3.930,2.720,93.5
65000,0.007474,6.94e-06
65000,3.854,2.567,93.9
65100,0.008606,6.67e-06
65100,3.817,2.545,93.7
65200,0.007932,6.40e-06
65200,3.787,2.545,93.5
65300,0.007276,6.14e-06
65300,3.853,2.578,93.7
65400,0.007118,5.88e-06
65400,3.799,2.594,93.7
65500,0.007190,5.63e-06
65500,3.795,2.533,93.5
65600,0.007382,5.38e-06
65600,3.839,2.585,93.7
65700,0.007065,5.14e-06
65700,3.855,2.589,93.5
65800,0.007426,4.90e-06
65800,3.739,2.454,93.9
65900,0.007466,4.67e-06
65900,3.881,2.662,93.5
66000,0.007714,4.45e-06
66000,3.843,2.620,93.5
66100,0.008010,4.23e-06
66100,3.842,2.595,93.4
66200,0.007997,4.02e-06
66200,3.823,2.574,93.7
66300,0.006192,3.81e-06
66300,3.809,2.531,93.7
66400,0.008466,3.61e-06
66400,3.790,2.528,93.5
66500,0.007124,3.41e-06
66500,3.841,2.558,93.7
66600,0.007164,3.22e-06
66600,3.826,2.597,93.7
66700,0.007072,3.03e-06
66700,3.748,2.489,93.7
66800,0.007913,2.85e-06
66800,3.763,2.550,93.5
66900,0.006668,2.68e-06
66900,3.789,2.519,93.9
67000,0.008396,2.51e-06
67000,3.828,2.560,93.7
67100,0.007305,2.34e-06
67100,3.832,2.596,93.5
67200,0.006127,2.18e-06
67200,3.774,2.463,93.7
67300,0.006513,2.03e-06
67300,3.834,2.607,93.7
67400,0.007777,1.88e-06
67400,3.850,2.619,93.7
67500,0.006708,1.74e-06
67500,3.825,2.578,93.7
67600,0.006957,1.61e-06
67600,3.818,2.592,93.5
67700,0.007831,1.48e-06
67700,3.816,2.571,93.7
67800,0.006338,1.35e-06
67800,3.847,2.567,93.7
67900,0.007841,1.23e-06
67900,3.863,2.635,93.7
68000,0.007653,1.12e-06
68000,3.859,2.641,93.7
68100,0.007907,1.01e-06
68100,3.857,2.607,93.4
68200,0.007265,9.04e-07
68200,3.832,2.555,93.7
68300,0.009499,8.07e-07
68300,3.833,2.578,93.7
68400,0.006327,7.15e-07
68400,3.819,2.555,93.7
68500,0.007753,6.29e-07
68500,3.818,2.543,93.7
68600,0.007145,5.48e-07
68600,3.815,2.576,93.7
68700,0.006919,4.73e-07
68700,3.827,2.581,93.4
68800,0.007838,4.03e-07
68800,3.819,2.549,93.5
68900,0.007525,3.39e-07
68900,3.817,2.559,93.7
69000,0.007669,2.80e-07
69000,3.825,2.573,93.7
69100,0.007747,2.27e-07
69100,3.828,2.554,93.5
69200,0.006669,1.80e-07
69200,3.831,2.563,93.7
69300,0.007324,1.38e-07
69300,3.829,2.559,93.5
69400,0.006485,1.02e-07
69400,3.829,2.558,93.5
69500,0.006703,7.15e-08
69500,3.830,2.562,93.5
69600,0.006373,4.64e-08
69600,3.829,2.561,93.5
69700,0.007229,2.69e-08
69700,3.829,2.559,93.7
69800,0.007468,1.30e-08
69800,3.829,2.559,93.7
69900,0.008232,4.73e-09
69900,3.829,2.558,93.7
70000,0.007373,2.00e-09
70000,3.829,2.557,93.7
